{"cameraMode":{"drawMode":0,"name":"Shaded","section":"Shading Mode"},"sceneLighting":true,"audioPlay":false,"sceneViewState":{"showFog":true,"showMaterialUpdate":true,"showSkybox":true,"showFlares":true,"showImageEffects":true,"showParticleSystems":true},"in2DMode":false,"pivot":{"x":-4.937670707702637,"y":-2.264540672302246,"z":-2.9446451663970949},"rotation":{"x":0.32840752601623537,"y":-0.6262184381484985,"z":0.32840853929519656,"w":0.6262190937995911},"size":6.388828754425049,"orthographic":false}