{"cameraMode":{"drawMode":0,"name":"Shaded","section":"Shading Mode"},"sceneLighting":false,"audioPlay":false,"sceneViewState":{"showFog":true,"showMaterialUpdate":true,"showSkybox":false,"showFlares":true,"showImageEffects":true,"showParticleSystems":true},"in2DMode":false,"pivot":{"x":0.24417567253112794,"y":0.08188152313232422,"z":-0.11717545986175537},"rotation":{"x":0.1513272523880005,"y":0.8475375175476074,"z":-0.3350830376148224,"w":0.3827593922615051},"size":1.8247449398040772,"orthographic":false}