{"cameraMode":{"drawMode":0,"name":"Shaded","section":"Shading Mode"},"sceneLighting":true,"audioPlay":false,"sceneViewState":{"showFog":true,"showMaterialUpdate":true,"showSkybox":true,"showFlares":true,"showImageEffects":true,"showParticleSystems":true},"in2DMode":false,"pivot":{"x":-5.044735908508301,"y":-2.190553665161133,"z":0.5205076932907105},"rotation":{"x":0.32840752601623537,"y":-0.6262184381484985,"z":0.32840853929519656,"w":0.6262190937995911},"size":11.853915214538575,"orthographic":false}