{"cameraMode":{"drawMode":0,"name":"Shaded","section":"Shading Mode"},"sceneLighting":true,"audioPlay":false,"sceneViewState":{"showFog":true,"showMaterialUpdate":true,"showSkybox":true,"showFlares":true,"showImageEffects":true,"showParticleSystems":true},"in2DMode":false,"pivot":{"x":-11.9723482131958,"y":2.5978498458862306,"z":5.09398889541626},"rotation":{"x":0.32840752601623537,"y":-0.6262184381484985,"z":0.32840853929519656,"w":0.6262190937995911},"size":12.411848068237305,"orthographic":false}