{"cameraMode":{"drawMode":0,"name":"Shaded","section":"Shading Mode"},"sceneLighting":false,"audioPlay":false,"sceneViewState":{"showFog":true,"showMaterialUpdate":true,"showSkybox":false,"showFlares":true,"showImageEffects":true,"showParticleSystems":true},"in2DMode":false,"pivot":{"x":2.072986602783203,"y":0.4876033067703247,"z":0.8404623866081238},"rotation":{"x":-0.00722720380872488,"y":0.5958864688873291,"z":0.005363687872886658,"w":0.8030205368995667},"size":2.4450771808624269,"orthographic":false}